id,peptide,labels,predictions
PDB2nx5_PDB8ryn,ELFSYLIEK,0.0,0.5732902
PDB8i5d_PDB8rym,ELFSYLIEK,0.0,0.5249422
PDB8rym,ELFSYLIEK,1.0,0.5195856
PDB8ryn,ELFSYLIEK,1.0,0.51516604
PDB7jwi,ASNENMETM,1.0,0.3845386
PDB3tjh_PDB7jwi,ASNENMETM,0.0,0.44122422
PDB4jfd,ELAAIGILTV,1.0,0.67592925
PDB4g8g_PDB4jfd,ELAAIGILTV,0.0,0.68693674
PDB4jfe,ELAGIGALTV,1.0,0.51421225
PDB3tjh_PDB4jfe,ELAGIGALTV,0.0,0.6386815
PDB8qfy_PDB2nx5,EPLPQGQLTAY,0.0,0.597718
PDB2nx5,EPLPQGQLTAY,1.0,0.45901477
PDB2e7l_PDB6vrm,HMTEVVRHC,0.0,0.65413916
PDB6vrm,HMTEVVRHC,1.0,0.54078096
PDB4qrr,IPSINVHHY,1.0,0.4689972
PDB6am5_PDB4qrr,IPSINVHHY,0.0,0.45755163
PDB5til,KAPYNFATM,1.0,0.42837828
PDB6vmx_PDB5til,KAPYNFATM,0.0,0.48317188
PDB4g8g,KRWIILGLNK,1.0,0.532049
PDB8shi_PDB4g8g,KRWIILGLNK,0.0,0.60913974
PDB6rpa_PDB3kxf,LPEPLPQGQLTAY,0.0,0.56221247
PDB3kxf,LPEPLPQGQLTAY,1.0,0.44226545
